<?xml version="1.0" encoding="UTF-8"?>
<project-private xmlns="http://www.netbeans.org/ns/project-private/1">
    <editor-bookmarks xmlns="http://www.netbeans.org/ns/editor-bookmarks/2" lastBookmarkId="0"/>
    <open-files xmlns="http://www.netbeans.org/ns/projectui-open-files/2">
        <group>
            <file>file:/C:/Users/Jayan/Documents/NetBeansProjects/ECOMMERCEPRO/web/mensprod.html</file>
            <file>file:/C:/Users/Jayan/Documents/NetBeansProjects/ECOMMERCEPRO/web/home.html</file>
            <file>file:/C:/Users/Jayan/Documents/NetBeansProjects/ECOMMERCEPRO/web/ShipaddFE.html</file>
            <file>file:/C:/Users/Jayan/Documents/NetBeansProjects/ECOMMERCEPRO/src/java/ecommerce/AddcustBE.java</file>
            <file>file:/C:/Users/Jayan/Documents/NetBeansProjects/ECOMMERCEPRO/web/Changepwd.html</file>
            <file>file:/C:/Users/Jayan/Documents/NetBeansProjects/ECOMMERCEPRO/web/userstyle.css</file>
            <file>file:/C:/Users/Jayan/Documents/NetBeansProjects/ECOMMERCEPRO/web/signup.html</file>
            <file>file:/C:/Users/Jayan/Documents/NetBeansProjects/ECOMMERCEPRO/src/java/ecommerce/ViewodrBE.java</file>
            <file>file:/C:/Users/Jayan/Documents/NetBeansProjects/ECOMMERCEPRO/web/index.html</file>
            <file>file:/C:/Users/Jayan/Documents/NetBeansProjects/ECOMMERCEPRO/src/java/ecommerce/ViewProdBE.java</file>
            <file>file:/C:/Users/Jayan/Documents/NetBeansProjects/ECOMMERCEPRO/src/java/ecommerce/Loginval.java</file>
            <file>file:/C:/Users/Jayan/Documents/NetBeansProjects/ECOMMERCEPRO/src/java/ecommerce/OrderBE.java</file>
            <file>file:/C:/Users/Jayan/Documents/NetBeansProjects/ECOMMERCEPRO/web/style.css</file>
            <file>file:/C:/Users/Jayan/Documents/NetBeansProjects/ECOMMERCEPRO/web/AddprodFE.html</file>
            <file>file:/C:/Users/Jayan/Documents/NetBeansProjects/ECOMMERCEPRO/web/admin.html</file>
            <file>file:/C:/Users/Jayan/Documents/NetBeansProjects/ECOMMERCEPRO/web/accessprod.html</file>
            <file>file:/C:/Users/Jayan/Documents/NetBeansProjects/ECOMMERCEPRO/web/Design/orderstyle.css</file>
            <file>file:/C:/Users/Jayan/Documents/NetBeansProjects/ECOMMERCEPRO/src/java/ecommerce/ChpwdBE.java</file>
            <file>file:/C:/Users/Jayan/Documents/NetBeansProjects/ECOMMERCEPRO/src/java/ecommerce/ShipaddBE.java</file>
            <file>file:/C:/Users/Jayan/Documents/NetBeansProjects/ECOMMERCEPRO/web/mens.jpeg</file>
            <file>file:/C:/Users/Jayan/Documents/NetBeansProjects/ECOMMERCEPRO/web/shoesprod.html</file>
            <file>file:/C:/Users/Jayan/Documents/NetBeansProjects/ECOMMERCEPRO/src/java/ecommerce/PlaceodrBE.java</file>
            <file>file:/C:/Users/Jayan/Documents/NetBeansProjects/ECOMMERCEPRO/web/userlogin.html</file>
        </group>
    </open-files>
</project-private>
